source_id,title,institution,country,year,document_type,population,clinical_scope,url,license,access_date,status,superseded_by,approved_for_demo,notes
WHO_BEC_2018,WHO-ICRC Basic Emergency Care: approach to the acutely ill and injured,World Health Organization / ICRC,International,2018,Manual,mixed,Initial emergency assessment,https://www.who.int/publications/i/item/basic-emergency-care-approach-to-the-acutely-ill-and-injured,Open access as described by publisher; only brief page-derived extracts stored,2026-08-01,current,,true,Use as foreign educational context; mixed population requires applicability warning
ESSALUD_RRI_2019,Síntesis rápida de evidencia: sistemas de triaje en emergencia,EsSalud / IETSI,Peru,2019,Evidence report,general,Triage systems evidence synthesis,https://repositorio.essalud.gob.pe/handle/20.500.12959/2735,info:eu-repo/semantics/openAccess,2026-08-01,current_with_limitations,,true,Does not license or reproduce a named triage scale; no clinical obligations generated
MINSA_ADULT_2005,Guías de Práctica Clínica en Emergencia en el Adulto,Ministerio de Salud del Perú,Peru,2005,Guideline,adult,Adult emergency care,https://www.gob.pe/institucion/minsa/normas-legales/252375-516-2005-minsa,License not stated on landing page,2026-08-01,requires_validity_review,,false,Official existence verified; age and unclear reuse terms prevent ingestion
MINSA_SAMU_2020,Procedimientos de atención prehospitalaria de la Dirección de SAMU,Ministerio de Salud del Perú,Peru,2020,Technical guide,general,Prehospital emergency care,https://www.gob.pe/institucion/minsa/normas-legales/466080-147-2020-minsa,License not stated on landing page,2026-08-01,license_review,,false,Official and relevant but reuse terms must be reviewed
WHO_ETAT_2005,Emergency Triage Assessment and Treatment course,World Health Organization,International,2005,Training material,pediatric,Paediatric emergency triage,https://www.who.int/publications/i/item/9241546875,All rights reserved,2026-08-01,superseded,WHO_ETAT_2016,false,Pediatric-only and superseded; excluded from adult retrieval
WHO_ETAT_2016,Paediatric emergency triage assessment and treatment,World Health Organization,International,2016,Guideline,pediatric,Paediatric emergency triage,https://www.who.int/publications/i/item/9789241510219,All rights reserved,2026-08-01,current,,false,Pediatric-only and no permission to redistribute content
HLEV_2025,Urgencias médicas del Servicio de Emergencia,Hospital de Lima Este - Vitarte,Peru,2025,Guideline catalogue,general,Emergency practice guidelines,https://www.gob.pe/institucion/hlev/normas-legales/6458715-000046-2025-dg-hlev,License not stated on landing page,2026-08-01,license_review,,false,Recent official catalogue; content not ingested pending terms review
HEJCU_2024,Guías de Práctica Clínica,Hospital de Emergencias José Casimiro Ulloa,Peru,2024,Guideline catalogue,mixed,Emergency practice guidelines,https://www.gob.pe/institucion/hejcu/informes-publicaciones/5972105-guias-de-practica-clinica,License not stated on landing page,2026-08-01,license_review,,false,Mixed adult pediatric and obstetric catalogue requires per-document governance
PAHO_GUIDELINES,Clinical guidelines dashboard,PAHO,International,2026,Dashboard,general,NCD clinical guideline metadata,https://www.paho.org/en/better-care-ncds-initiative/regional-data-portal-better-care-ncds-initiative/clinical-guidelines,Not verified,2026-08-01,inaccessible,,false,HTTP 403 during validation; excluded until metadata and terms can be verified
